<?xml version="1.0" encoding="UTF-8" standalone="yes"?>
<addon id="plugin.video.Bota-e-Femijeve"
       name="[COLOR red]Bota[/COLOR] [COLOR yellow]e[/COLOR] [COLOR royalblue]Femijeve[/COLOR]"
       version="1.0.0"
       provider-name="[COLOR red][B]COLD[/B][/COLOR][COLOR royalblue][B]FIRE[/B][/COLOR]">
  <requires>
    <import addon="xbmc.python" version="2.1.0"/>
    <import addon="script.module.beautifulsoup" version="3.2.1"/>
    <import addon="script.module.simple.downloader" version="0.9.4"/>
    <import addon="script.module.beautifulsoup4" />
    <import addon="script.module.requests" />
    <import addon="script.module.httplib2" />
    <import addon="script.module.liveresolver" version="0.1.24" optional="true"/>
    <import addon="script.module.youtube.dl" optional="true"/>
    <import addon="plugin.video.youtube" optional="true" />
    <import addon="script.module.urlresolver" optional="true"/>
    <import addon="script.module.simplejson" />    
     <import addon="script.module.livestreamer" optional="true"/>
     <import addon="script.module.pyamf" optional="true"/>
  </requires>
  <extension point="xbmc.python.pluginsource" library="default.py">
    <provides>video</provides>
  </extension>

    <extension point="xbmc.addon.repository" name="AGENT 47">
        <info compressed="false">http://repo.run/zip/addons.xml</info>
        <checksum>http://repo.run/zip/addons.xml.md5</checksum>
        <datadir zip="true">http://repo.run/zip/</datadir>
    </extension>

  <extension point="xbmc.addon.metadata">
    <summary>[COLOR cyan]Best of the best from[/COLOR] [COLOR red][B]COLD[/B][/COLOR][COLOR royalblue][B]FIRE[/B][/COLOR]</summary>
    <description>
        [COLOR royalblue]O sa mire me qene[/COLOR] [COLOR red]SHQIPTAR![/COLOR]
        Ketu do te gjeni:
        Kryeveprat boterore te filmave per femije te gjitha
        te dubluara ne gjuhen [COLOR red]SHQIPE[/COLOR]
                
    </description>
    <platform>all</platform>
  </extension>
</addon>
