<?xml version="1.0" encoding="UTF-8" standalone="yes"?>
<addon id="plugin.video.no-name"
       name="[COLOR red]No[/COLOR] [COLOR yellow]-[/COLOR] [COLOR turquoise]Name[/COLOR]"
       version="1.0.6"
       provider-name="[COLOR red][B]C0LD[/B][/COLOR][COLOR turquoise][B]FIRE[/B][/COLOR]">

	   <requires>
		<import addon="xbmc.python" version="2.1.0" />
		<import addon="plugin.video.youtube" optional="true" />
		<import addon="script.module.pyxbmct" version="1.1.4" />
		<import addon="script.mrknow.urlresolver" optional="true" />
		<import addon="script.module.liveresolver" optional="true"/>
		<import addon="script.module.beautifulsoup" version="3.2.1"/>
		<import addon="script.module.requests" version="2.9.1" />
		<import addon="script.module.nanscrapers" optional="true" />
		<import addon="script.module.addon.common" version="2.0.0" />
		<import addon="script.module.xmltodict" version="0.9.0"/>
	</requires>
	<extension point="xbmc.python.pluginsource" library="default.py">
		<provides>video</provides>
	</extension>
	<extension point="xbmc.addon.repository" name="[COLOR red]No[/COLOR] [COLOR yellow]-[/COLOR] [COLOR turquoise]Name[/COLOR]">
        <info compressed="false">https://offshoregit.com/c0ldfire/zip/addons.xml</info>
        <checksum>https://offshoregit.com/c0ldfire/zip/addons.xml.md5</checksum>
        <datadir zip="true">https://offshoregit.com/c0ldfire/zip/</datadir>
    </extension>
	<extension point="xbmc.addon.metadata">
		<summary lang="en">no-name</summary>
		<description lang="en">[COLOR red]No[/COLOR] [COLOR yellow]-[/COLOR] [COLOR turquoise]Name[/COLOR] is the new Movie and TV Show add-on by C0LDFIRE</description>
		<disclaimer lang="en">[COLOR red][B]The author does not host or distribute any of the content displayed by this addon. The author does not have any affiliation with the content provider.[/B][/COLOR]</disclaimer>
		<platform>all</platform>
		<forum>no-name</forum>
		<website>no-name</website>
	</extension>
</addon>