<?xml version="1.0" encoding="UTF-8" standalone="yes"?>
<addon id="plugin.program.AK-47wizard" name="AK-47 Wizard" version="1.0.1" provider-name="C0LDFIRE">
  <requires>
    <import addon="xbmc.python" version="2.1.0"/>
  </requires>
  <extension point="xbmc.python.pluginsource" library="default.py">
    <provides>executable</provides>
  </extension>
  <extension point="xbmc.service" library="startup.py" start="startup" />
  <extension point="xbmc.addon.metadata">
    <summary lang="en">AK-47 Wizard</summary>
    <description lang="en">Agent-47 Wizard allows you to get access to the latest Agent-47 Custom Builds.</description>
    <platform>all</platform>
  </extension>
</addon>